mode,steps,warmup_steps,episodes_completed,elapsed_s,steps_per_s,episodes_per_s,mean_step_ms
random,20000,3000,200,2.8430417000004127,7034.71918825429,70.3471918825429,0.14215208500002063
masked,20000,3000,200,4.061832999999751,4923.885349299497,49.23885349299497,0.20309164999998758
