mode,steps,warmup_steps,episodes_completed,elapsed_s,steps_per_s,episodes_per_s,mean_step_ms
random,20000,3000,200,2.8153920999998263,7103.806251357043,71.03806251357044,0.1407696049999913
masked,20000,3000,200,4.013854100000117,4982.7421480016965,49.827421480016966,0.20069270500000586
