mode,steps,warmup_steps,episodes_completed,elapsed_s,steps_per_s,episodes_per_s,mean_step_ms
random,20000,3000,200,3.747035999997024,5337.552134544713,53.37552134544713,0.18735179999985122
masked,20000,3000,200,5.0745384999972885,3941.2451004186264,39.412451004186266,0.25372692499986443
